"address_id","address","address2","district","city_id","postal_code","phone","last_update"
1,"47 MySakila Drive",null," ",300,null," ","2006-02-15T04:45:00.000Z"
2,"28 MySQL Boulevard",null," ",576,null," ","2006-02-15T04:45:00.000Z"
3,"23 Workhaven Lane",null," ",300,null," ","2006-02-15T04:45:00.000Z"
4,"1411 Lillydale Drive",null," ",576,null," ","2006-02-15T04:45:00.000Z"
5,"1913 Hanoi Way",null," ",463,35200," ","2006-02-15T04:45:00.000Z"
6,"1121 Loja Avenue",null," ",449,17886," ","2006-02-15T04:45:00.000Z"
7,"692 Joliet Street",null," ",38,83579," ","2006-02-15T04:45:00.000Z"
8,"1566 Inegl Manor",null," ",349,53561," ","2006-02-15T04:45:00.000Z"
9,"53 Idfu Parkway",null," ",361,42399," ","2006-02-15T04:45:00.000Z"
10,"1795 Santiago de Compostela Way",null," ",295,18743," ","2006-02-15T04:45:00.000Z"
11,"900 Santiago de Compostela Parkway",null," ",280,93896," ","2006-02-15T04:45:00.000Z"
12,"478 Joliet Way",null," ",200,77948," ","2006-02-15T04:45:00.000Z"
13,"613 Korolev Drive",null," ",329,45844," ","2006-02-15T04:45:00.000Z"
14,"1531 Sal Drive",null," ",162,53628," ","2006-02-15T04:45:00.000Z"
15,"1542 Tarlac Parkway",null," ",440,1027," ","2006-02-15T04:45:00.000Z"
16,"808 Bhopal Manor",null," ",582,10672," ","2006-02-15T04:45:00.000Z"
17,"270 Amroha Parkway",null," ",384,29610," ","2006-02-15T04:45:00.000Z"
18,"770 Bydgoszcz Avenue",null," ",120,16266," ","2006-02-15T04:45:00.000Z"
19,"419 Iligan Lane",null," ",76,72878," ","2006-02-15T04:45:00.000Z"
20,"360 Toulouse Parkway",null," ",495,54308," ","2006-02-15T04:45:00.000Z"
21,"270 Toulon Boulevard",null," ",156,81766," ","2006-02-15T04:45:00.000Z"
22,"320 Brest Avenue",null," ",252,43331," ","2006-02-15T04:45:00.000Z"
23,"1417 Lancaster Avenue",null," ",267,72192," ","2006-02-15T04:45:00.000Z"
24,"1688 Okara Way",null," ",327,21954," ","2006-02-15T04:45:00.000Z"
25,"262 A Corua (La Corua) Parkway",null," ",525,34418," ","2006-02-15T04:45:00.000Z"
26,"28 Charlotte Amalie Street",null," ",443,37551," ","2006-02-15T04:45:00.000Z"
27,"1780 Hino Boulevard",null," ",303,7716," ","2006-02-15T04:45:00.000Z"
28,"96 Tafuna Way",null," ",128,99865," ","2006-02-15T04:45:00.000Z"
29,"934 San Felipe de Puerto Plata Street",null," ",472,99780," ","2006-02-15T04:45:00.000Z"
30,"18 Duisburg Boulevard",null," ",121,58327," ","2006-02-15T04:45:00.000Z"
31,"217 Botshabelo Place",null," ",138,49521," ","2006-02-15T04:45:00.000Z"
32,"1425 Shikarpur Manor",null," ",346,65599," ","2006-02-15T04:45:00.000Z"
33,"786 Aurora Avenue",null," ",474,65750," ","2006-02-15T04:45:00.000Z"
34,"1668 Anpolis Street",null," ",316,50199," ","2006-02-15T04:45:00.000Z"
35,"33 Gorontalo Way",null," ",257,30348," ","2006-02-15T04:45:00.000Z"
36,"176 Mandaluyong Place",null," ",239,65213," ","2006-02-15T04:45:00.000Z"
37,"127 Purnea (Purnia) Manor",null," ",17,79388," ","2006-02-15T04:45:00.000Z"
38,"61 Tama Street",null," ",284,94065," ","2006-02-15T04:45:00.000Z"
39,"391 Callao Drive",null," ",544,34021," ","2006-02-15T04:45:00.000Z"
40,"334 Munger (Monghyr) Lane",null," ",31,38145," ","2006-02-15T04:45:00.000Z"
41,"1440 Fukuyama Loop",null," ",362,47929," ","2006-02-15T04:45:00.000Z"
42,"269 Cam Ranh Parkway",null," ",115,34689," ","2006-02-15T04:45:00.000Z"
43,"306 Antofagasta Place",null," ",569,3989," ","2006-02-15T04:45:00.000Z"
44,"671 Graz Street",null," ",353,94399," ","2006-02-15T04:45:00.000Z"
45,"42 Brindisi Place",null," ",586,16744," ","2006-02-15T04:45:00.000Z"
46,"1632 Bislig Avenue",null," ",394,61117," ","2006-02-15T04:45:00.000Z"
47,"1447 Imus Way",null," ",167,48942," ","2006-02-15T04:45:00.000Z"
48,"1998 Halifax Drive",null," ",308,76022," ","2006-02-15T04:45:00.000Z"
49,"1718 Valencia Street",null," ",27,37359," ","2006-02-15T04:45:00.000Z"
50,"46 Pjatigorsk Lane",null," ",343,23616," ","2006-02-15T04:45:00.000Z"
51,"686 Garland Manor",null," ",247,52535," ","2006-02-15T04:45:00.000Z"
52,"909 Garland Manor",null," ",367,69367," ","2006-02-15T04:45:00.000Z"
53,"725 Isesaki Place",null," ",237,74428," ","2006-02-15T04:45:00.000Z"
54,"115 Hidalgo Parkway",null," ",379,80168," ","2006-02-15T04:45:00.000Z"
55,"1135 Izumisano Parkway",null," ",171,48150," ","2006-02-15T04:45:00.000Z"
56,"939 Probolinggo Loop",null," ",1,4166," ","2006-02-15T04:45:00.000Z"
57,"17 Kabul Boulevard",null," ",355,38594," ","2006-02-15T04:45:00.000Z"
58,"1964 Allappuzha (Alleppey) Street",null," ",227,48980," ","2006-02-15T04:45:00.000Z"
59,"1697 Kowloon and New Kowloon Loop",null," ",49,57807," ","2006-02-15T04:45:00.000Z"
60,"1668 Saint Louis Place",null," ",397,39072," ","2006-02-15T04:45:00.000Z"
61,"943 Tokat Street",null," ",560,45428," ","2006-02-15T04:45:00.000Z"
62,"1114 Liepaja Street",null," ",282,69226," ","2006-02-15T04:45:00.000Z"
63,"1213 Ranchi Parkway",null," ",350,94352," ","2006-02-15T04:45:00.000Z"
64,"81 Hodeida Way",null," ",231,55561," ","2006-02-15T04:45:00.000Z"
65,"915 Ponce Place",null," ",56,83980," ","2006-02-15T04:45:00.000Z"
66,"1717 Guadalajara Lane",null," ",441,85505," ","2006-02-15T04:45:00.000Z"
67,"1214 Hanoi Way",null," ",306,67055," ","2006-02-15T04:45:00.000Z"
68,"1966 Amroha Avenue",null," ",139,70385," ","2006-02-15T04:45:00.000Z"
69,"698 Otsu Street",null," ",105,71110," ","2006-02-15T04:45:00.000Z"
70,"1150 Kimchon Manor",null," ",321,96109," ","2006-02-15T04:45:00.000Z"
71,"1586 Guaruj Place",null," ",579,5135," ","2006-02-15T04:45:00.000Z"
72,"57 Arlington Manor",null," ",475,48960," ","2006-02-15T04:45:00.000Z"
73,"1031 Daugavpils Parkway",null," ",63,59025," ","2006-02-15T04:45:00.000Z"
74,"1124 Buenaventura Drive",null," ",13,6856," ","2006-02-15T04:45:00.000Z"
75,"492 Cam Ranh Street",null," ",61,50805," ","2006-02-15T04:45:00.000Z"
76,"89 Allappuzha (Alleppey) Manor",null," ",517,75444," ","2006-02-15T04:45:00.000Z"
77,"1947 Poos de Caldas Boulevard",null," ",114,60951," ","2006-02-15T04:45:00.000Z"
78,"1206 Dos Quebradas Place",null," ",431,20207," ","2006-02-15T04:45:00.000Z"
79,"1551 Rampur Lane",null," ",108,72394," ","2006-02-15T04:45:00.000Z"
80,"602 Paarl Street",null," ",402,98889," ","2006-02-15T04:45:00.000Z"
81,"1692 Ede Loop",null," ",30,9223," ","2006-02-15T04:45:00.000Z"
82,"936 Salzburg Lane",null," ",425,96709," ","2006-02-15T04:45:00.000Z"
83,"586 Tete Way",null," ",256,1079," ","2006-02-15T04:45:00.000Z"
84,"1888 Kabul Drive",null," ",217,20936," ","2006-02-15T04:45:00.000Z"
85,"320 Baiyin Parkway",null," ",319,37307," ","2006-02-15T04:45:00.000Z"
86,"927 Baha Blanca Parkway",null," ",479,9495," ","2006-02-15T04:45:00.000Z"
87,"929 Tallahassee Loop",null," ",497,74671," ","2006-02-15T04:45:00.000Z"
88,"125 Citt del Vaticano Boulevard",null," ",40,67912," ","2006-02-15T04:45:00.000Z"
89,"1557 Ktahya Boulevard",null," ",88,88002," ","2006-02-15T04:45:00.000Z"
90,"870 Ashqelon Loop",null," ",489,84931," ","2006-02-15T04:45:00.000Z"
91,"1740 Portoviejo Avenue",null," ",480,29932," ","2006-02-15T04:45:00.000Z"
92,"1942 Ciparay Parkway",null," ",113,82624," ","2006-02-15T04:45:00.000Z"
93,"1926 El Alto Avenue",null," ",289,75543," ","2006-02-15T04:45:00.000Z"
94,"1952 Chatsworth Drive",null," ",332,25958," ","2006-02-15T04:45:00.000Z"
95,"1370 Le Mans Avenue",null," ",53,52163," ","2006-02-15T04:45:00.000Z"
96,"984 Effon-Alaiye Avenue",null," ",183,17119," ","2006-02-15T04:45:00.000Z"
97,"832 Nakhon Sawan Manor",null," ",592,49021," ","2006-02-15T04:45:00.000Z"
98,"152 Kitwe Parkway",null," ",82,53182," ","2006-02-15T04:45:00.000Z"
99,"1697 Tanauan Lane",null," ",399,22870," ","2006-02-15T04:45:00.000Z"
100,"1308 Arecibo Way",null," ",41,30695," ","2006-02-15T04:45:00.000Z"
101,"1599 Plock Drive",null," ",534,71986," ","2006-02-15T04:45:00.000Z"
102,"669 Firozabad Loop",null," ",12,92265," ","2006-02-15T04:45:00.000Z"
103,"588 Vila Velha Manor",null," ",268,51540," ","2006-02-15T04:45:00.000Z"
104,"1913 Kamakura Place",null," ",238,97287," ","2006-02-15T04:45:00.000Z"
105,"733 Mandaluyong Place",null," ",2,77459," ","2006-02-15T04:45:00.000Z"
106,"659 Vaduz Drive",null," ",34,49708," ","2006-02-15T04:45:00.000Z"
107,"1177 Jelets Way",null," ",220,3305," ","2006-02-15T04:45:00.000Z"
108,"1386 Yangor Avenue",null," ",543,80720," ","2006-02-15T04:45:00.000Z"
109,"454 Nakhon Sawan Boulevard",null," ",173,76383," ","2006-02-15T04:45:00.000Z"
110,"1867 San Juan Bautista Tuxtepec Avenue",null," ",225,78311," ","2006-02-15T04:45:00.000Z"
111,"1532 Dzerzinsk Way",null," ",334,9599," ","2006-02-15T04:45:00.000Z"
112,"1002 Ahmadnagar Manor",null," ",213,93026," ","2006-02-15T04:45:00.000Z"
113,"682 Junan Way",null," ",273,30418," ","2006-02-15T04:45:00.000Z"
114,"804 Elista Drive",null," ",159,61069," ","2006-02-15T04:45:00.000Z"
115,"1378 Alvorada Avenue",null," ",102,75834," ","2006-02-15T04:45:00.000Z"
116,"793 Cam Ranh Avenue",null," ",292,87057," ","2006-02-15T04:45:00.000Z"
117,"1079 Tel Aviv-Jaffa Boulevard",null," ",132,10885," ","2006-02-15T04:45:00.000Z"
118,"442 Rae Bareli Place",null," ",148,24321," ","2006-02-15T04:45:00.000Z"
119,"1107 Nakhon Sawan Avenue",null," ",365,75149," ","2006-02-15T04:45:00.000Z"
120,"544 Malm Parkway",null," ",403,63502," ","2006-02-15T04:45:00.000Z"
121,"1967 Sincelejo Place",null," ",176,73644," ","2006-02-15T04:45:00.000Z"
122,"333 Goinia Way",null," ",185,78625," ","2006-02-15T04:45:00.000Z"
123,"1987 Coacalco de Berriozbal Loop",null," ",476,96065," ","2006-02-15T04:45:00.000Z"
124,"241 Mosul Lane",null," ",147,76157," ","2006-02-15T04:45:00.000Z"
125,"211 Chiayi Drive",null," ",164,58186," ","2006-02-15T04:45:00.000Z"
126,"1175 Tanauan Way",null," ",305,64615," ","2006-02-15T04:45:00.000Z"
127,"117 Boa Vista Way",null," ",566,6804," ","2006-02-15T04:45:00.000Z"
128,"848 Tafuna Manor",null," ",281,45142," ","2006-02-15T04:45:00.000Z"
129,"569 Baicheng Lane",null," ",85,60304," ","2006-02-15T04:45:00.000Z"
130,"1666 Qomsheh Drive",null," ",410,66255," ","2006-02-15T04:45:00.000Z"
131,"801 Hagonoy Drive",null," ",484,8439," ","2006-02-15T04:45:00.000Z"
132,"1050 Garden Grove Avenue",null," ",236,4999," ","2006-02-15T04:45:00.000Z"
133,"1854 Tieli Street",null," ",302,15819," ","2006-02-15T04:45:00.000Z"
134,"758 Junan Lane",null," ",190,82639," ","2006-02-15T04:45:00.000Z"
135,"1752 So Leopoldo Parkway",null," ",345,14014," ","2006-02-15T04:45:00.000Z"
136,"898 Belm Manor",null," ",87,49757," ","2006-02-15T04:45:00.000Z"
137,"261 Saint Louis Way",null," ",541,83401," ","2006-02-15T04:45:00.000Z"
138,"765 Southampton Drive",null," ",421,4285," ","2006-02-15T04:45:00.000Z"
139,"943 Johannesburg Avenue",null," ",417,5892," ","2006-02-15T04:45:00.000Z"
140,"788 Atinsk Street",null," ",211,81691," ","2006-02-15T04:45:00.000Z"
141,"1749 Daxian Place",null," ",29,11044," ","2006-02-15T04:45:00.000Z"
142,"1587 Sullana Lane",null," ",207,85769," ","2006-02-15T04:45:00.000Z"
143,"1029 Dzerzinsk Manor",null," ",542,57519," ","2006-02-15T04:45:00.000Z"
144,"1666 Beni-Mellal Place",null," ",123,13377," ","2006-02-15T04:45:00.000Z"
145,"928 Jaffna Loop",null," ",172,93762," ","2006-02-15T04:45:00.000Z"
146,"483 Ljubertsy Parkway",null," ",149,60562," ","2006-02-15T04:45:00.000Z"
147,"374 Bat Yam Boulevard",null," ",266,97700," ","2006-02-15T04:45:00.000Z"
148,"1027 Songkhla Manor",null," ",340,30861," ","2006-02-15T04:45:00.000Z"
149,"999 Sanaa Loop",null," ",491,3439," ","2006-02-15T04:45:00.000Z"
150,"879 Newcastle Way",null," ",499,90732," ","2006-02-15T04:45:00.000Z"
151,"1337 Lincoln Parkway",null," ",555,99457," ","2006-02-15T04:45:00.000Z"
152,"1952 Pune Lane",null," ",442,92150," ","2006-02-15T04:45:00.000Z"
153,"782 Mosul Street",null," ",94,25545," ","2006-02-15T04:45:00.000Z"
154,"781 Shimonoseki Drive",null," ",202,95444," ","2006-02-15T04:45:00.000Z"
155,"1560 Jelets Boulevard",null," ",291,77777," ","2006-02-15T04:45:00.000Z"
156,"1963 Moscow Place",null," ",354,64863," ","2006-02-15T04:45:00.000Z"
157,"456 Escobar Way",null," ",232,36061," ","2006-02-15T04:45:00.000Z"
158,"798 Cianjur Avenue",null," ",590,76990," ","2006-02-15T04:45:00.000Z"
159,"185 Novi Sad Place",null," ",72,41778," ","2006-02-15T04:45:00.000Z"
160,"1367 Yantai Manor",null," ",381,21294," ","2006-02-15T04:45:00.000Z"
161,"1386 Nakhon Sawan Boulevard",null," ",420,53502," ","2006-02-15T04:45:00.000Z"
162,"369 Papeete Way",null," ",187,66639," ","2006-02-15T04:45:00.000Z"
163,"1440 Compton Place",null," ",307,81037," ","2006-02-15T04:45:00.000Z"
164,"1623 Baha Blanca Manor",null," ",310,81511," ","2006-02-15T04:45:00.000Z"
165,"97 Shimoga Avenue",null," ",533,44660," ","2006-02-15T04:45:00.000Z"
166,"1740 Le Mans Loop",null," ",297,22853," ","2006-02-15T04:45:00.000Z"
167,"1287 Xiangfan Boulevard",null," ",253,57844," ","2006-02-15T04:45:00.000Z"
168,"842 Salzburg Lane",null," ",529,3313," ","2006-02-15T04:45:00.000Z"
169,"154 Tallahassee Loop",null," ",199,62250," ","2006-02-15T04:45:00.000Z"
170,"710 San Felipe del Progreso Avenue",null," ",304,76901," ","2006-02-15T04:45:00.000Z"
171,"1540 Wroclaw Drive",null," ",107,62686," ","2006-02-15T04:45:00.000Z"
172,"475 Atinsk Way",null," ",240,59571," ","2006-02-15T04:45:00.000Z"
173,"1294 Firozabad Drive",null," ",407,70618," ","2006-02-15T04:45:00.000Z"
174,"1877 Ezhou Lane",null," ",550,63337," ","2006-02-15T04:45:00.000Z"
175,"316 Uruapan Street",null," ",223,58194," ","2006-02-15T04:45:00.000Z"
176,"29 Pyongyang Loop",null," ",58,47753," ","2006-02-15T04:45:00.000Z"
177,"1010 Klerksdorp Way",null," ",186,6802," ","2006-02-15T04:45:00.000Z"
178,"1848 Salala Boulevard",null," ",373,25220," ","2006-02-15T04:45:00.000Z"
179,"431 Xiangtan Avenue",null," ",18,4854," ","2006-02-15T04:45:00.000Z"
180,"757 Rustenburg Avenue",null," ",483,89668," ","2006-02-15T04:45:00.000Z"
181,"146 Johannesburg Way",null," ",330,54132," ","2006-02-15T04:45:00.000Z"
182,"1891 Rizhao Boulevard",null," ",456,47288," ","2006-02-15T04:45:00.000Z"
183,"1089 Iwatsuki Avenue",null," ",270,35109," ","2006-02-15T04:45:00.000Z"
184,"1410 Benin City Parkway",null," ",405,29747," ","2006-02-15T04:45:00.000Z"
185,"682 Garden Grove Place",null," ",333,67497," ","2006-02-15T04:45:00.000Z"
186,"533 al-Ayn Boulevard",null," ",126,8862," ","2006-02-15T04:45:00.000Z"
187,"1839 Szkesfehrvr Parkway",null," ",317,55709," ","2006-02-15T04:45:00.000Z"
188,"741 Ambattur Manor",null," ",438,43310," ","2006-02-15T04:45:00.000Z"
189,"927 Barcelona Street",null," ",467,65121," ","2006-02-15T04:45:00.000Z"
190,"435 0 Way",null," ",195,74750," ","2006-02-15T04:45:00.000Z"
191,"140 Chiayi Parkway",null," ",506,38982," ","2006-02-15T04:45:00.000Z"
192,"1166 Changhwa Street",null," ",62,58852," ","2006-02-15T04:45:00.000Z"
193,"891 Novi Sad Manor",null," ",383,5379," ","2006-02-15T04:45:00.000Z"
194,"605 Rio Claro Parkway",null," ",513,49348," ","2006-02-15T04:45:00.000Z"
195,"1077 San Felipe de Puerto Plata Place",null," ",369,65387," ","2006-02-15T04:45:00.000Z"
196,"9 San Miguel de Tucumn Manor",null," ",169,90845," ","2006-02-15T04:45:00.000Z"
197,"447 Surakarta Loop",null," ",271,10428," ","2006-02-15T04:45:00.000Z"
198,"345 Oshawa Boulevard",null," ",204,32114," ","2006-02-15T04:45:00.000Z"
199,"1792 Valle de la Pascua Place",null," ",477,15540," ","2006-02-15T04:45:00.000Z"
200,"1074 Binzhou Manor",null," ",325,36490," ","2006-02-15T04:45:00.000Z"
201,"817 Bradford Loop",null," ",109,89459," ","2006-02-15T04:45:00.000Z"
202,"955 Bamenda Way",null," ",218,1545," ","2006-02-15T04:45:00.000Z"
203,"1149 A Corua (La Corua) Boulevard",null," ",194,95824," ","2006-02-15T04:45:00.000Z"
204,"387 Mwene-Ditu Drive",null," ",35,8073," ","2006-02-15T04:45:00.000Z"
205,"68 Molodetno Manor",null," ",575,4662," ","2006-02-15T04:45:00.000Z"
206,"642 Nador Drive",null," ",77,3924," ","2006-02-15T04:45:00.000Z"
207,"1688 Nador Lane",null," ",184,61613," ","2006-02-15T04:45:00.000Z"
208,"1215 Pyongyang Parkway",null," ",557,25238," ","2006-02-15T04:45:00.000Z"
209,"1679 Antofagasta Street",null," ",122,86599," ","2006-02-15T04:45:00.000Z"
210,"1304 s-Hertogenbosch Way",null," ",83,10925," ","2006-02-15T04:45:00.000Z"
211,"850 Salala Loop",null," ",371,10800," ","2006-02-15T04:45:00.000Z"
212,"624 Oshawa Boulevard",null," ",51,89959," ","2006-02-15T04:45:00.000Z"
213,"43 Dadu Avenue",null," ",74,4855," ","2006-02-15T04:45:00.000Z"
214,"751 Lima Loop",null," ",7,99405," ","2006-02-15T04:45:00.000Z"
215,"1333 Haldia Street",null," ",174,82161," ","2006-02-15T04:45:00.000Z"
216,"660 Jedda Boulevard",null," ",65,25053," ","2006-02-15T04:45:00.000Z"
217,"1001 Miyakonojo Lane",null," ",518,67924," ","2006-02-15T04:45:00.000Z"
218,"226 Brest Manor",null," ",508,2299," ","2006-02-15T04:45:00.000Z"
219,"1229 Valencia Parkway",null," ",498,99124," ","2006-02-15T04:45:00.000Z"
220,"1201 Qomsheh Manor",null," ",28,21464," ","2006-02-15T04:45:00.000Z"
221,"866 Shivapuri Manor",null," ",448,22474," ","2006-02-15T04:45:00.000Z"
222,"1168 Najafabad Parkway",null," ",251,40301," ","2006-02-15T04:45:00.000Z"
223,"1244 Allappuzha (Alleppey) Place",null," ",567,20657," ","2006-02-15T04:45:00.000Z"
224,"1842 Luzinia Boulevard",null," ",593,94420," ","2006-02-15T04:45:00.000Z"
225,"1926 Gingoog Street",null," ",511,22824," ","2006-02-15T04:45:00.000Z"
226,"810 Palghat (Palakkad) Boulevard",null," ",235,73431," ","2006-02-15T04:45:00.000Z"
227,"1820 Maring Parkway",null," ",324,88307," ","2006-02-15T04:45:00.000Z"
228,"60 Poos de Caldas Street",null," ",243,82338," ","2006-02-15T04:45:00.000Z"
229,"1014 Loja Manor",null," ",22,66851," ","2006-02-15T04:45:00.000Z"
230,"201 Effon-Alaiye Way",null," ",37,64344," ","2006-02-15T04:45:00.000Z"
231,"430 Alessandria Loop",null," ",439,47446," ","2006-02-15T04:45:00.000Z"
232,"754 Valencia Place",null," ",406,87911," ","2006-02-15T04:45:00.000Z"
233,"356 Olomouc Manor",null," ",26,93323," ","2006-02-15T04:45:00.000Z"
234,"1256 Bislig Boulevard",null," ",86,50598," ","2006-02-15T04:45:00.000Z"
235,"954 Kimchon Place",null," ",559,42420," ","2006-02-15T04:45:00.000Z"
236,"885 Yingkou Manor",null," ",596,31390," ","2006-02-15T04:45:00.000Z"
237,"1736 Cavite Place",null," ",216,98775," ","2006-02-15T04:45:00.000Z"
238,"346 Skikda Parkway",null," ",233,90628," ","2006-02-15T04:45:00.000Z"
239,"98 Stara Zagora Boulevard",null," ",96,76448," ","2006-02-15T04:45:00.000Z"
240,"1479 Rustenburg Boulevard",null," ",527,18727," ","2006-02-15T04:45:00.000Z"
241,"647 A Corua (La Corua) Street",null," ",357,36971," ","2006-02-15T04:45:00.000Z"
242,"1964 Gijn Manor",null," ",473,14408," ","2006-02-15T04:45:00.000Z"
243,"47 Syktyvkar Lane",null," ",118,22236," ","2006-02-15T04:45:00.000Z"
244,"1148 Saarbrcken Parkway",null," ",226,1921," ","2006-02-15T04:45:00.000Z"
245,"1103 Bilbays Parkway",null," ",578,87660," ","2006-02-15T04:45:00.000Z"
246,"1246 Boksburg Parkway",null," ",422,28349," ","2006-02-15T04:45:00.000Z"
247,"1483 Pathankot Street",null," ",454,37288," ","2006-02-15T04:45:00.000Z"
248,"582 Papeete Loop",null," ",294,27722," ","2006-02-15T04:45:00.000Z"
249,"300 Junan Street",null," ",553,81314," ","2006-02-15T04:45:00.000Z"
250,"829 Grand Prairie Way",null," ",328,6461," ","2006-02-15T04:45:00.000Z"
251,"1473 Changhwa Parkway",null," ",124,75933," ","2006-02-15T04:45:00.000Z"
252,"1309 Weifang Street",null," ",520,57338," ","2006-02-15T04:45:00.000Z"
253,"1760 Oshawa Manor",null," ",535,38140," ","2006-02-15T04:45:00.000Z"
254,"786 Stara Zagora Way",null," ",390,98332," ","2006-02-15T04:45:00.000Z"
255,"1966 Tonghae Street",null," ",198,36481," ","2006-02-15T04:45:00.000Z"
256,"1497 Yuzhou Drive",null," ",312,3433," ","2006-02-15T04:45:00.000Z"
258,"752 Ondo Loop",null," ",338,32474," ","2006-02-15T04:45:00.000Z"
259,"1338 Zalantun Lane",null," ",413,45403," ","2006-02-15T04:45:00.000Z"
260,"127 Iwakuni Boulevard",null," ",192,20777," ","2006-02-15T04:45:00.000Z"
261,"51 Laredo Avenue",null," ",342,68146," ","2006-02-15T04:45:00.000Z"
262,"771 Yaound Manor",null," ",64,86768," ","2006-02-15T04:45:00.000Z"
263,"532 Toulon Street",null," ",460,69517," ","2006-02-15T04:45:00.000Z"
264,"1027 Banjul Place",null," ",197,50390," ","2006-02-15T04:45:00.000Z"
265,"1158 Mandi Bahauddin Parkway",null," ",136,98484," ","2006-02-15T04:45:00.000Z"
266,"862 Xintai Lane",null," ",548,30065," ","2006-02-15T04:45:00.000Z"
267,"816 Cayenne Parkway",null," ",414,93629," ","2006-02-15T04:45:00.000Z"
268,"1831 Nam Dinh Loop",null," ",323,51990," ","2006-02-15T04:45:00.000Z"
269,"446 Kirovo-Tepetsk Lane",null," ",203,19428," ","2006-02-15T04:45:00.000Z"
270,"682 Halisahar Place",null," ",378,20536," ","2006-02-15T04:45:00.000Z"
271,"1587 Loja Manor",null," ",447,5410," ","2006-02-15T04:45:00.000Z"
272,"1762 Paarl Parkway",null," ",298,53928," ","2006-02-15T04:45:00.000Z"
273,"1519 Ilorin Place",null," ",395,49298," ","2006-02-15T04:45:00.000Z"
274,"920 Kumbakonam Loop",null," ",446,75090," ","2006-02-15T04:45:00.000Z"
275,"906 Goinia Way",null," ",255,83565," ","2006-02-15T04:45:00.000Z"
276,"1675 Xiangfan Manor",null," ",283,11763," ","2006-02-15T04:45:00.000Z"
277,"85 San Felipe de Puerto Plata Drive",null," ",584,46063," ","2006-02-15T04:45:00.000Z"
278,"144 South Hill Loop",null," ",445,2012," ","2006-02-15T04:45:00.000Z"
279,"1884 Shikarpur Avenue",null," ",263,85548," ","2006-02-15T04:45:00.000Z"
280,"1980 Kamjanets-Podilskyi Street",null," ",404,89502," ","2006-02-15T04:45:00.000Z"
281,"1944 Bamenda Way",null," ",573,24645," ","2006-02-15T04:45:00.000Z"
282,"556 Baybay Manor",null," ",374,55802," ","2006-02-15T04:45:00.000Z"
283,"457 Tongliao Loop",null," ",222,56254," ","2006-02-15T04:45:00.000Z"
284,"600 Bradford Street",null," ",514,96204," ","2006-02-15T04:45:00.000Z"
285,"1006 Santa Brbara dOeste Manor",null," ",389,36229," ","2006-02-15T04:45:00.000Z"
286,"1308 Sumy Loop",null," ",175,30657," ","2006-02-15T04:45:00.000Z"
287,"1405 Chisinau Place",null," ",411,8160," ","2006-02-15T04:45:00.000Z"
288,"226 Halifax Street",null," ",277,58492," ","2006-02-15T04:45:00.000Z"
289,"1279 Udine Parkway",null," ",69,75860," ","2006-02-15T04:45:00.000Z"
290,"1336 Benin City Drive",null," ",386,46044," ","2006-02-15T04:45:00.000Z"
291,"1155 Liaocheng Place",null," ",152,22650," ","2006-02-15T04:45:00.000Z"
292,"1993 Tabuk Lane",null," ",522,64221," ","2006-02-15T04:45:00.000Z"
293,"86 Higashiosaka Lane",null," ",563,33768," ","2006-02-15T04:45:00.000Z"
294,"1912 Allende Manor",null," ",279,58124," ","2006-02-15T04:45:00.000Z"
295,"544 Tarsus Boulevard",null," ",562,53145," ","2006-02-15T04:45:00.000Z"
296,"1936 Cuman Avenue",null," ",433,61195," ","2006-02-15T04:45:00.000Z"
297,"1192 Tongliao Street",null," ",470,19065," ","2006-02-15T04:45:00.000Z"
298,"44 Najafabad Way",null," ",146,61391," ","2006-02-15T04:45:00.000Z"
299,"32 Pudukkottai Lane",null," ",140,38834," ","2006-02-15T04:45:00.000Z"
300,"661 Chisinau Lane",null," ",274,8856," ","2006-02-15T04:45:00.000Z"
301,"951 Stara Zagora Manor",null," ",400,98573," ","2006-02-15T04:45:00.000Z"
302,"922 Vila Velha Loop",null," ",9,4085," ","2006-02-15T04:45:00.000Z"
303,"898 Jining Lane",null," ",387,40070," ","2006-02-15T04:45:00.000Z"
304,"1635 Kuwana Boulevard",null," ",205,52137," ","2006-02-15T04:45:00.000Z"
305,"41 El Alto Parkway",null," ",398,56883," ","2006-02-15T04:45:00.000Z"
306,"1883 Maikop Lane",null," ",254,68469," ","2006-02-15T04:45:00.000Z"
307,"1908 Gaziantep Place",null," ",536,58979," ","2006-02-15T04:45:00.000Z"
308,"687 Alessandria Parkway",null," ",455,57587," ","2006-02-15T04:45:00.000Z"
309,"827 Yuncheng Drive",null," ",99,79047," ","2006-02-15T04:45:00.000Z"
310,"913 Coacalco de Berriozbal Loop",null," ",33,42141," ","2006-02-15T04:45:00.000Z"
311,"715 So Bernardo do Campo Lane",null," ",507,84804," ","2006-02-15T04:45:00.000Z"
312,"1354 Siegen Street",null," ",25,80184," ","2006-02-15T04:45:00.000Z"
313,"1191 Sungai Petani Boulevard",null," ",262,9668," ","2006-02-15T04:45:00.000Z"
314,"1224 Huejutla de Reyes Boulevard",null," ",91,70923," ","2006-02-15T04:45:00.000Z"
315,"543 Bergamo Avenue",null," ",215,59686," ","2006-02-15T04:45:00.000Z"
316,"746 Joliet Lane",null," ",286,94878," ","2006-02-15T04:45:00.000Z"
317,"780 Kimberley Way",null," ",515,17032," ","2006-02-15T04:45:00.000Z"
318,"1774 Yaound Place",null," ",166,91400," ","2006-02-15T04:45:00.000Z"
319,"1957 Yantai Lane",null," ",490,59255," ","2006-02-15T04:45:00.000Z"
320,"1542 Lubumbashi Boulevard",null," ",57,62472," ","2006-02-15T04:45:00.000Z"
321,"651 Pathankot Loop",null," ",336,59811," ","2006-02-15T04:45:00.000Z"
322,"1359 Zhoushan Parkway",null," ",545,29763," ","2006-02-15T04:45:00.000Z"
323,"1769 Iwaki Lane",null," ",97,25787," ","2006-02-15T04:45:00.000Z"
324,"1145 Vilnius Manor",null," ",451,73170," ","2006-02-15T04:45:00.000Z"
325,"1892 Nabereznyje Telny Lane",null," ",516,28396," ","2006-02-15T04:45:00.000Z"
326,"470 Boksburg Street",null," ",81,97960," ","2006-02-15T04:45:00.000Z"
327,"1427 A Corua (La Corua) Place",null," ",45,85799," ","2006-02-15T04:45:00.000Z"
328,"479 San Felipe del Progreso Avenue",null," ",130,54949," ","2006-02-15T04:45:00.000Z"
329,"867 Benin City Avenue",null," ",591,78543," ","2006-02-15T04:45:00.000Z"
330,"981 Kumbakonam Place",null," ",89,87611," ","2006-02-15T04:45:00.000Z"
331,"1016 Iwakuni Street",null," ",269,49833," ","2006-02-15T04:45:00.000Z"
332,"663 Baha Blanca Parkway",null," ",5,33463," ","2006-02-15T04:45:00.000Z"
333,"1860 Taguig Loop",null," ",119,59550," ","2006-02-15T04:45:00.000Z"
334,"1816 Bydgoszcz Loop",null," ",234,64308," ","2006-02-15T04:45:00.000Z"
335,"587 Benguela Manor",null," ",42,91590," ","2006-02-15T04:45:00.000Z"
336,"430 Kumbakonam Drive",null," ",457,28814," ","2006-02-15T04:45:00.000Z"
337,"1838 Tabriz Lane",null," ",143,1195," ","2006-02-15T04:45:00.000Z"
338,"431 Szkesfehrvr Avenue",null," ",48,57828," ","2006-02-15T04:45:00.000Z"
339,"503 Sogamoso Loop",null," ",505,49812," ","2006-02-15T04:45:00.000Z"
340,"507 Smolensk Loop",null," ",492,22971," ","2006-02-15T04:45:00.000Z"
341,"1920 Weifang Avenue",null," ",427,15643," ","2006-02-15T04:45:00.000Z"
342,"124 al-Manama Way",null," ",382,52368," ","2006-02-15T04:45:00.000Z"
343,"1443 Mardan Street",null," ",392,31483," ","2006-02-15T04:45:00.000Z"
344,"1909 Benguela Lane",null," ",581,19913," ","2006-02-15T04:45:00.000Z"
345,"68 Ponce Parkway",null," ",201,85926," ","2006-02-15T04:45:00.000Z"
346,"1217 Konotop Avenue",null," ",151,504," ","2006-02-15T04:45:00.000Z"
347,"1293 Nam Dinh Way",null," ",84,71583," ","2006-02-15T04:45:00.000Z"
348,"785 Vaduz Street",null," ",335,36170," ","2006-02-15T04:45:00.000Z"
349,"1516 Escobar Drive",null," ",370,46069," ","2006-02-15T04:45:00.000Z"
350,"1628 Nagareyama Lane",null," ",453,60079," ","2006-02-15T04:45:00.000Z"
351,"1157 Nyeri Loop",null," ",320,56380," ","2006-02-15T04:45:00.000Z"
352,"1673 Tangail Drive",null," ",137,26857," ","2006-02-15T04:45:00.000Z"
353,"381 Kabul Way",null," ",209,87272," ","2006-02-15T04:45:00.000Z"
354,"953 Hodeida Street",null," ",221,18841," ","2006-02-15T04:45:00.000Z"
355,"469 Nakhon Sawan Street",null," ",531,58866," ","2006-02-15T04:45:00.000Z"
356,"1378 Beira Loop",null," ",597,40792," ","2006-02-15T04:45:00.000Z"
357,"1641 Changhwa Place",null," ",52,37636," ","2006-02-15T04:45:00.000Z"
358,"1698 Southport Loop",null," ",393,49009," ","2006-02-15T04:45:00.000Z"
359,"519 Nyeri Manor",null," ",461,37650," ","2006-02-15T04:45:00.000Z"
360,"619 Hunuco Avenue",null," ",331,81508," ","2006-02-15T04:45:00.000Z"
361,"45 Aparecida de Goinia Place",null," ",464,7431," ","2006-02-15T04:45:00.000Z"
362,"482 Kowloon and New Kowloon Manor",null," ",90,97056," ","2006-02-15T04:45:00.000Z"
363,"604 Bern Place",null," ",429,5373," ","2006-02-15T04:45:00.000Z"
364,"1623 Kingstown Drive",null," ",20,91299," ","2006-02-15T04:45:00.000Z"
365,"1009 Zanzibar Lane",null," ",32,64875," ","2006-02-15T04:45:00.000Z"
366,"114 Jalib al-Shuyukh Manor",null," ",585,60440," ","2006-02-15T04:45:00.000Z"
367,"1163 London Parkway",null," ",66,6066," ","2006-02-15T04:45:00.000Z"
368,"1658 Jastrzebie-Zdrj Loop",null," ",372,96584," ","2006-02-15T04:45:00.000Z"
369,"817 Laredo Avenue",null," ",188,77449," ","2006-02-15T04:45:00.000Z"
370,"1565 Tangail Manor",null," ",377,45750," ","2006-02-15T04:45:00.000Z"
371,"1912 Emeishan Drive",null," ",50,33050," ","2006-02-15T04:45:00.000Z"
372,"230 Urawa Drive",null," ",8,2738," ","2006-02-15T04:45:00.000Z"
373,"1922 Miraj Way",null," ",356,13203," ","2006-02-15T04:45:00.000Z"
374,"433 Florencia Street",null," ",250,91330," ","2006-02-15T04:45:00.000Z"
375,"1049 Matamoros Parkway",null," ",191,69640," ","2006-02-15T04:45:00.000Z"
376,"1061 Ede Avenue",null," ",98,57810," ","2006-02-15T04:45:00.000Z"
377,"154 Oshawa Manor",null," ",415,72771," ","2006-02-15T04:45:00.000Z"
378,"1191 Tandil Drive",null," ",523,6362," ","2006-02-15T04:45:00.000Z"
379,"1133 Rizhao Avenue",null," ",572,2800," ","2006-02-15T04:45:00.000Z"
380,"1519 Santiago de los Caballeros Loop",null," ",348,22025," ","2006-02-15T04:45:00.000Z"
381,"1618 Olomouc Manor",null," ",285,26385," ","2006-02-15T04:45:00.000Z"
382,"220 Hidalgo Drive",null," ",265,45298," ","2006-02-15T04:45:00.000Z"
383,"686 Donostia-San Sebastin Lane",null," ",471,97390," ","2006-02-15T04:45:00.000Z"
384,"97 Mogiljov Lane",null," ",73,89294," ","2006-02-15T04:45:00.000Z"
385,"1642 Charlotte Amalie Drive",null," ",549,75442," ","2006-02-15T04:45:00.000Z"
386,"1368 Maracabo Boulevard",null," ",493,32716," ","2006-02-15T04:45:00.000Z"
387,"401 Sucre Boulevard",null," ",322,25007," ","2006-02-15T04:45:00.000Z"
388,"368 Hunuco Boulevard",null," ",360,17165," ","2006-02-15T04:45:00.000Z"
389,"500 Lincoln Parkway",null," ",210,95509," ","2006-02-15T04:45:00.000Z"
390,"102 Chapra Drive",null," ",521,14073," ","2006-02-15T04:45:00.000Z"
391,"1793 Meixian Place",null," ",258,33535," ","2006-02-15T04:45:00.000Z"
392,"514 Ife Way",null," ",315,69973," ","2006-02-15T04:45:00.000Z"
393,"717 Changzhou Lane",null," ",104,21615," ","2006-02-15T04:45:00.000Z"
394,"753 Ilorin Avenue",null," ",157,3656," ","2006-02-15T04:45:00.000Z"
395,"1337 Mit Ghamr Avenue",null," ",358,29810," ","2006-02-15T04:45:00.000Z"
396,"767 Pyongyang Drive",null," ",229,83536," ","2006-02-15T04:45:00.000Z"
397,"614 Pak Kret Street",null," ",6,27796," ","2006-02-15T04:45:00.000Z"
398,"954 Lapu-Lapu Way",null," ",278,8816," ","2006-02-15T04:45:00.000Z"
399,"331 Bydgoszcz Parkway",null," ",181,966," ","2006-02-15T04:45:00.000Z"
400,"1152 Citrus Heights Manor",null," ",15,5239," ","2006-02-15T04:45:00.000Z"
401,"168 Cianjur Manor",null," ",228,73824," ","2006-02-15T04:45:00.000Z"
402,"616 Hagonoy Avenue",null," ",39,46043," ","2006-02-15T04:45:00.000Z"
403,"1190 0 Place",null," ",44,10417," ","2006-02-15T04:45:00.000Z"
404,"734 Bchar Place",null," ",375,30586," ","2006-02-15T04:45:00.000Z"
405,"530 Lausanne Lane",null," ",135,11067," ","2006-02-15T04:45:00.000Z"
406,"454 Patiala Lane",null," ",276,13496," ","2006-02-15T04:45:00.000Z"
407,"1346 Mysore Drive",null," ",92,61507," ","2006-02-15T04:45:00.000Z"
408,"990 Etawah Loop",null," ",564,79940," ","2006-02-15T04:45:00.000Z"
409,"1266 Laredo Parkway",null," ",380,7664," ","2006-02-15T04:45:00.000Z"
410,"88 Nagaon Manor",null," ",524,86868," ","2006-02-15T04:45:00.000Z"
411,"264 Bhimavaram Manor",null," ",111,54749," ","2006-02-15T04:45:00.000Z"
412,"1639 Saarbrcken Drive",null," ",437,9827," ","2006-02-15T04:45:00.000Z"
413,"692 Amroha Drive",null," ",230,35575," ","2006-02-15T04:45:00.000Z"
414,"1936 Lapu-Lapu Parkway",null," ",141,7122," ","2006-02-15T04:45:00.000Z"
415,"432 Garden Grove Street",null," ",430,65630," ","2006-02-15T04:45:00.000Z"
416,"1445 Carmen Parkway",null," ",117,70809," ","2006-02-15T04:45:00.000Z"
417,"791 Salinas Street",null," ",208,40509," ","2006-02-15T04:45:00.000Z"
418,"126 Acua Parkway",null," ",71,58888," ","2006-02-15T04:45:00.000Z"
419,"397 Sunnyvale Avenue",null," ",19,55566," ","2006-02-15T04:45:00.000Z"
420,"992 Klerksdorp Loop",null," ",23,33711," ","2006-02-15T04:45:00.000Z"
421,"966 Arecibo Loop",null," ",134,94018," ","2006-02-15T04:45:00.000Z"
422,"289 Santo Andr Manor",null," ",16,72410," ","2006-02-15T04:45:00.000Z"
423,"437 Chungho Drive",null," ",450,59489," ","2006-02-15T04:45:00.000Z"
424,"1948 Bayugan Parkway",null," ",264,60622," ","2006-02-15T04:45:00.000Z"
425,"1866 al-Qatif Avenue",null," ",155,89420," ","2006-02-15T04:45:00.000Z"
426,"1661 Abha Drive",null," ",416,14400," ","2006-02-15T04:45:00.000Z"
427,"1557 Cape Coral Parkway",null," ",293,46875," ","2006-02-15T04:45:00.000Z"
428,"1727 Matamoros Place",null," ",465,78813," ","2006-02-15T04:45:00.000Z"
429,"1269 Botosani Manor",null," ",468,47394," ","2006-02-15T04:45:00.000Z"
430,"355 Vitria de Santo Anto Way",null," ",452,81758," ","2006-02-15T04:45:00.000Z"
431,"1596 Acua Parkway",null," ",418,70425," ","2006-02-15T04:45:00.000Z"
432,"259 Ipoh Drive",null," ",189,64964," ","2006-02-15T04:45:00.000Z"
433,"1823 Hoshiarpur Lane",null," ",510,33191," ","2006-02-15T04:45:00.000Z"
434,"1404 Taguig Drive",null," ",547,87212," ","2006-02-15T04:45:00.000Z"
435,"740 Udaipur Lane",null," ",150,33505," ","2006-02-15T04:45:00.000Z"
436,"287 Cuautla Boulevard",null," ",501,72736," ","2006-02-15T04:45:00.000Z"
437,"1766 Almirante Brown Street",null," ",364,63104," ","2006-02-15T04:45:00.000Z"
438,"596 Huixquilucan Place",null," ",351,65892," ","2006-02-15T04:45:00.000Z"
439,"1351 Aparecida de Goinia Parkway",null," ",391,41775," ","2006-02-15T04:45:00.000Z"
440,"722 Bradford Lane",null," ",249,90920," ","2006-02-15T04:45:00.000Z"
441,"983 Santa F Way",null," ",565,47472," ","2006-02-15T04:45:00.000Z"
442,"1245 Ibirit Way",null," ",290,40926," ","2006-02-15T04:45:00.000Z"
443,"1836 Korla Parkway",null," ",272,55405," ","2006-02-15T04:45:00.000Z"
444,"231 Kaliningrad Place",null," ",70,57833," ","2006-02-15T04:45:00.000Z"
445,"495 Bhimavaram Lane",null," ",144,3," ","2006-02-15T04:45:00.000Z"
446,"1924 Shimonoseki Drive",null," ",59,52625," ","2006-02-15T04:45:00.000Z"
447,"105 Dzerzinsk Manor",null," ",540,48570," ","2006-02-15T04:45:00.000Z"
448,"614 Denizli Parkway",null," ",486,29444," ","2006-02-15T04:45:00.000Z"
449,"1289 Belm Boulevard",null," ",530,88306," ","2006-02-15T04:45:00.000Z"
450,"203 Tambaram Street",null," ",161,73942," ","2006-02-15T04:45:00.000Z"
451,"1704 Tambaram Manor",null," ",554,2834," ","2006-02-15T04:45:00.000Z"
452,"207 Cuernavaca Loop",null," ",352,52671," ","2006-02-15T04:45:00.000Z"
453,"319 Springs Loop",null," ",160,99552," ","2006-02-15T04:45:00.000Z"
454,"956 Nam Dinh Manor",null," ",481,21872," ","2006-02-15T04:45:00.000Z"
455,"1947 Paarl Way",null," ",509,23636," ","2006-02-15T04:45:00.000Z"
456,"814 Simferopol Loop",null," ",154,48745," ","2006-02-15T04:45:00.000Z"
457,"535 Ahmadnagar Manor",null," ",3,41136," ","2006-02-15T04:45:00.000Z"
458,"138 Caracas Boulevard",null," ",326,16790," ","2006-02-15T04:45:00.000Z"
459,"251 Florencia Drive",null," ",556,16119," ","2006-02-15T04:45:00.000Z"
460,"659 Gatineau Boulevard",null," ",153,28587," ","2006-02-15T04:45:00.000Z"
461,"1889 Valparai Way",null," ",600,75559," ","2006-02-15T04:45:00.000Z"
462,"1485 Bratislava Place",null," ",435,83183," ","2006-02-15T04:45:00.000Z"
463,"935 Aden Boulevard",null," ",532,64709," ","2006-02-15T04:45:00.000Z"
464,"76 Kermanshah Manor",null," ",423,23343," ","2006-02-15T04:45:00.000Z"
465,"734 Tanshui Avenue",null," ",170,70664," ","2006-02-15T04:45:00.000Z"
466,"118 Jaffna Loop",null," ",182,10447," ","2006-02-15T04:45:00.000Z"
467,"1621 Tongliao Avenue",null," ",558,22173," ","2006-02-15T04:45:00.000Z"
468,"1844 Usak Avenue",null," ",196,84461," ","2006-02-15T04:45:00.000Z"
469,"1872 Toulon Loop",null," ",428,7939," ","2006-02-15T04:45:00.000Z"
470,"1088 Ibirit Place",null," ",595,88502," ","2006-02-15T04:45:00.000Z"
471,"1322 Mosul Parkway",null," ",145,95400," ","2006-02-15T04:45:00.000Z"
472,"1447 Chatsworth Place",null," ",129,41545," ","2006-02-15T04:45:00.000Z"
473,"1257 Guadalajara Street",null," ",78,33599," ","2006-02-15T04:45:00.000Z"
474,"1469 Plock Lane",null," ",388,95835," ","2006-02-15T04:45:00.000Z"
475,"434 Ourense (Orense) Manor",null," ",206,14122," ","2006-02-15T04:45:00.000Z"
476,"270 Tambaram Parkway",null," ",244,9668," ","2006-02-15T04:45:00.000Z"
477,"1786 Salinas Place",null," ",359,66546," ","2006-02-15T04:45:00.000Z"
478,"1078 Stara Zagora Drive",null," ",301,69221," ","2006-02-15T04:45:00.000Z"
479,"1854 Okara Boulevard",null," ",158,42123," ","2006-02-15T04:45:00.000Z"
480,"421 Yaound Street",null," ",385,11363," ","2006-02-15T04:45:00.000Z"
481,"1153 Allende Way",null," ",179,20336," ","2006-02-15T04:45:00.000Z"
482,"808 Naala-Porto Parkway",null," ",500,41060," ","2006-02-15T04:45:00.000Z"
483,"632 Usolje-Sibirskoje Parkway",null," ",36,73085," ","2006-02-15T04:45:00.000Z"
484,"98 Pyongyang Boulevard",null," ",11,88749," ","2006-02-15T04:45:00.000Z"
485,"984 Novoterkassk Loop",null," ",180,28165," ","2006-02-15T04:45:00.000Z"
486,"64 Korla Street",null," ",347,25145," ","2006-02-15T04:45:00.000Z"
487,"1785 So Bernardo do Campo Street",null," ",125,71182," ","2006-02-15T04:45:00.000Z"
488,"698 Jelets Boulevard",null," ",142,2596," ","2006-02-15T04:45:00.000Z"
489,"1297 Alvorada Parkway",null," ",587,11839," ","2006-02-15T04:45:00.000Z"
490,"1909 Dayton Avenue",null," ",469,88513," ","2006-02-15T04:45:00.000Z"
491,"1789 Saint-Denis Parkway",null," ",4,8268," ","2006-02-15T04:45:00.000Z"
492,"185 Mannheim Lane",null," ",408,23661," ","2006-02-15T04:45:00.000Z"
493,"184 Mandaluyong Street",null," ",288,94239," ","2006-02-15T04:45:00.000Z"
494,"591 Sungai Petani Drive",null," ",376,46400," ","2006-02-15T04:45:00.000Z"
495,"656 Matamoros Drive",null," ",487,19489," ","2006-02-15T04:45:00.000Z"
496,"775 ostka Drive",null," ",337,22358," ","2006-02-15T04:45:00.000Z"
497,"1013 Tabuk Boulevard",null," ",261,96203," ","2006-02-15T04:45:00.000Z"
498,"319 Plock Parkway",null," ",504,26101," ","2006-02-15T04:45:00.000Z"
499,"1954 Kowloon and New Kowloon Way",null," ",434,63667," ","2006-02-15T04:45:00.000Z"
500,"362 Rajkot Lane",null," ",47,98030," ","2006-02-15T04:45:00.000Z"
501,"1060 Tandil Lane",null," ",432,72349," ","2006-02-15T04:45:00.000Z"
502,"1515 Korla Way",null," ",589,57197," ","2006-02-15T04:45:00.000Z"
503,"1416 San Juan Bautista Tuxtepec Avenue",null," ",444,50592," ","2006-02-15T04:45:00.000Z"
504,"1 Valle de Santiago Avenue",null," ",93,86208," ","2006-02-15T04:45:00.000Z"
505,"519 Brescia Parkway",null," ",318,69504," ","2006-02-15T04:45:00.000Z"
506,"414 Mandaluyong Street",null," ",314,16370," ","2006-02-15T04:45:00.000Z"
507,"1197 Sokoto Boulevard",null," ",478,87687," ","2006-02-15T04:45:00.000Z"
508,"496 Celaya Drive",null," ",552,90797," ","2006-02-15T04:45:00.000Z"
509,"786 Matsue Way",null," ",245,37469," ","2006-02-15T04:45:00.000Z"
510,"48 Maracabo Place",null," ",519,1570," ","2006-02-15T04:45:00.000Z"
511,"1152 al-Qatif Lane",null," ",412,44816," ","2006-02-15T04:45:00.000Z"
512,"1269 Ipoh Avenue",null," ",163,54674," ","2006-02-15T04:45:00.000Z"
513,"758 Korolev Parkway",null," ",568,75474," ","2006-02-15T04:45:00.000Z"
514,"1747 Rustenburg Place",null," ",110,51369," ","2006-02-15T04:45:00.000Z"
515,"886 Tonghae Place",null," ",259,19450," ","2006-02-15T04:45:00.000Z"
516,"1574 Goinia Boulevard",null," ",502,39529," ","2006-02-15T04:45:00.000Z"
517,"548 Uruapan Street",null," ",312,35653," ","2006-02-15T04:45:00.000Z"
519,"962 Tama Loop",null," ",583,65952," ","2006-02-15T04:45:00.000Z"
520,"1778 Gijn Manor",null," ",594,35156," ","2006-02-15T04:45:00.000Z"
521,"568 Dhule (Dhulia) Loop",null," ",127,92568," ","2006-02-15T04:45:00.000Z"
522,"1768 Udine Loop",null," ",60,32347," ","2006-02-15T04:45:00.000Z"
523,"608 Birgunj Parkway",null," ",116,400," ","2006-02-15T04:45:00.000Z"
524,"680 A Corua (La Corua) Manor",null," ",482,49806," ","2006-02-15T04:45:00.000Z"
525,"1949 Sanya Street",null," ",224,61244," ","2006-02-15T04:45:00.000Z"
526,"617 Klerksdorp Place",null," ",366,94707," ","2006-02-15T04:45:00.000Z"
527,"1993 0 Loop",null," ",588,41214," ","2006-02-15T04:45:00.000Z"
528,"1176 Southend-on-Sea Manor",null," ",458,81651," ","2006-02-15T04:45:00.000Z"
529,"600 Purnea (Purnia) Avenue",null," ",571,18043," ","2006-02-15T04:45:00.000Z"
530,"1003 Qinhuangdao Street",null," ",419,25972," ","2006-02-15T04:45:00.000Z"
531,"1986 Sivas Place",null," ",551,95775," ","2006-02-15T04:45:00.000Z"
532,"1427 Tabuk Place",null," ",101,31342," ","2006-02-15T04:45:00.000Z"
533,"556 Asuncin Way",null," ",339,35364," ","2006-02-15T04:45:00.000Z"
534,"486 Ondo Parkway",null," ",67,35202," ","2006-02-15T04:45:00.000Z"
535,"635 Brest Manor",null," ",75,40899," ","2006-02-15T04:45:00.000Z"
536,"166 Jinchang Street",null," ",165,86760," ","2006-02-15T04:45:00.000Z"
537,"958 Sagamihara Lane",null," ",287,88408," ","2006-02-15T04:45:00.000Z"
538,"1817 Livorno Way",null," ",100,79401," ","2006-02-15T04:45:00.000Z"
539,"1332 Gaziantep Lane",null," ",80,22813," ","2006-02-15T04:45:00.000Z"
540,"949 Allende Lane",null," ",24,67521," ","2006-02-15T04:45:00.000Z"
541,"195 Ilorin Street",null," ",363,49250," ","2006-02-15T04:45:00.000Z"
542,"193 Bhusawal Place",null," ",539,9750," ","2006-02-15T04:45:00.000Z"
543,"43 Vilnius Manor",null," ",42,79814," ","2006-02-15T04:45:00.000Z"
544,"183 Haiphong Street",null," ",46,69953," ","2006-02-15T04:45:00.000Z"
545,"163 Augusta-Richmond County Loop",null," ",561,33030," ","2006-02-15T04:45:00.000Z"
546,"191 Jos Azueta Parkway",null," ",436,13629," ","2006-02-15T04:45:00.000Z"
547,"379 Lublin Parkway",null," ",309,74568," ","2006-02-15T04:45:00.000Z"
548,"1658 Cuman Loop",null," ",396,51309," ","2006-02-15T04:45:00.000Z"
549,"454 Qinhuangdao Drive",null," ",68,25866," ","2006-02-15T04:45:00.000Z"
550,"1715 Okayama Street",null," ",485,55676," ","2006-02-15T04:45:00.000Z"
551,"182 Nukualofa Drive",null," ",275,15414," ","2006-02-15T04:45:00.000Z"
552,"390 Wroclaw Way",null," ",462,5753," ","2006-02-15T04:45:00.000Z"
553,"1421 Quilmes Lane",null," ",260,19151," ","2006-02-15T04:45:00.000Z"
554,"947 Trshavn Place",null," ",528,841," ","2006-02-15T04:45:00.000Z"
555,"1764 Jalib al-Shuyukh Parkway",null," ",459,77642," ","2006-02-15T04:45:00.000Z"
556,"346 Cam Ranh Avenue",null," ",599,39976," ","2006-02-15T04:45:00.000Z"
557,"1407 Pachuca de Soto Place",null," ",21,26284," ","2006-02-15T04:45:00.000Z"
558,"904 Clarksville Drive",null," ",193,52234," ","2006-02-15T04:45:00.000Z"
559,"1917 Kumbakonam Parkway",null," ",368,11892," ","2006-02-15T04:45:00.000Z"
560,"1447 Imus Place",null," ",426,12905," ","2006-02-15T04:45:00.000Z"
561,"1497 Fengshan Drive",null," ",112,63022," ","2006-02-15T04:45:00.000Z"
562,"869 Shikarpur Way",null," ",496,57380," ","2006-02-15T04:45:00.000Z"
563,"1059 Yuncheng Avenue",null," ",570,47498," ","2006-02-15T04:45:00.000Z"
564,"505 Madiun Boulevard",null," ",577,97271," ","2006-02-15T04:45:00.000Z"
565,"1741 Hoshiarpur Boulevard",null," ",79,22372," ","2006-02-15T04:45:00.000Z"
566,"1229 Varanasi (Benares) Manor",null," ",43,40195," ","2006-02-15T04:45:00.000Z"
567,"1894 Boa Vista Way",null," ",178,77464," ","2006-02-15T04:45:00.000Z"
568,"1342 Sharja Way",null," ",488,93655," ","2006-02-15T04:45:00.000Z"
569,"1342 Abha Boulevard",null," ",95,10714," ","2006-02-15T04:45:00.000Z"
570,"415 Pune Avenue",null," ",580,44274," ","2006-02-15T04:45:00.000Z"
571,"1746 Faaa Way",null," ",214,32515," ","2006-02-15T04:45:00.000Z"
572,"539 Hami Way",null," ",538,52196," ","2006-02-15T04:45:00.000Z"
573,"1407 Surakarta Manor",null," ",466,33224," ","2006-02-15T04:45:00.000Z"
574,"502 Mandi Bahauddin Parkway",null," ",55,15992," ","2006-02-15T04:45:00.000Z"
575,"1052 Pathankot Avenue",null," ",299,77397," ","2006-02-15T04:45:00.000Z"
576,"1351 Sousse Lane",null," ",341,37815," ","2006-02-15T04:45:00.000Z"
577,"1501 Pangkal Pinang Avenue",null," ",409,943," ","2006-02-15T04:45:00.000Z"
578,"1405 Hagonoy Avenue",null," ",133,86587," ","2006-02-15T04:45:00.000Z"
579,"521 San Juan Bautista Tuxtepec Place",null," ",598,95093," ","2006-02-15T04:45:00.000Z"
580,"923 Tangail Boulevard",null," ",10,33384," ","2006-02-15T04:45:00.000Z"
581,"186 Skikda Lane",null," ",131,89422," ","2006-02-15T04:45:00.000Z"
582,"1568 Celaya Parkway",null," ",168,34750," ","2006-02-15T04:45:00.000Z"
583,"1489 Kakamigahara Lane",null," ",526,98883," ","2006-02-15T04:45:00.000Z"
584,"1819 Alessandria Loop",null," ",103,53829," ","2006-02-15T04:45:00.000Z"
585,"1208 Tama Loop",null," ",344,73605," ","2006-02-15T04:45:00.000Z"
586,"951 Springs Lane",null," ",219,96115," ","2006-02-15T04:45:00.000Z"
587,"760 Miyakonojo Drive",null," ",246,64682," ","2006-02-15T04:45:00.000Z"
588,"966 Asuncin Way",null," ",212,62703," ","2006-02-15T04:45:00.000Z"
589,"1584 Ljubertsy Lane",null," ",494,22954," ","2006-02-15T04:45:00.000Z"
590,"247 Jining Parkway",null," ",54,53446," ","2006-02-15T04:45:00.000Z"
591,"773 Dallas Manor",null," ",424,12664," ","2006-02-15T04:45:00.000Z"
592,"1923 Stara Zagora Lane",null," ",546,95179," ","2006-02-15T04:45:00.000Z"
593,"1402 Zanzibar Boulevard",null," ",106,71102," ","2006-02-15T04:45:00.000Z"
594,"1464 Kursk Parkway",null," ",574,17381," ","2006-02-15T04:45:00.000Z"
595,"1074 Sanaa Parkway",null," ",311,22474," ","2006-02-15T04:45:00.000Z"
596,"1759 Niznekamsk Avenue",null," ",14,39414," ","2006-02-15T04:45:00.000Z"
597,"32 Liaocheng Way",null," ",248,1944," ","2006-02-15T04:45:00.000Z"
598,"42 Fontana Avenue",null," ",512,14684," ","2006-02-15T04:45:00.000Z"
599,"1895 Zhezqazghan Drive",null," ",177,36693," ","2006-02-15T04:45:00.000Z"
600,"1837 Kaduna Parkway",null," ",241,82580," ","2006-02-15T04:45:00.000Z"
601,"844 Bucuresti Place",null," ",242,36603," ","2006-02-15T04:45:00.000Z"
602,"1101 Bucuresti Boulevard",null," ",401,97661," ","2006-02-15T04:45:00.000Z"
603,"1103 Quilmes Boulevard",null," ",503,52137," ","2006-02-15T04:45:00.000Z"
604,"1331 Usak Boulevard",null," ",296,61960," ","2006-02-15T04:45:00.000Z"
605,"1325 Fukuyama Street",null," ",537,27107," ","2006-02-15T04:45:00.000Z"